,loss,mape,val_loss,val_mape
0,0.4781067669391632,1121.9105224609375,0.0018585948273539543,65.64657592773438
1,0.0018193231662735343,63.36332321166992,0.0017648969078436494,63.82061004638672
2,0.0017281153704971075,61.496639251708984,0.0016662506386637688,61.84195327758789
3,0.0016285133315250278,59.159393310546875,0.0015619471669197083,59.68101501464844
4,0.0015383291756734252,57.06845474243164,0.0014540873235091567,57.36396408081055
5,0.0014414641773328185,55.1240234375,0.0013397299917414784,54.80451965332031
6,0.0013525518588721752,52.829795837402344,0.001223319093696773,52.07524490356445
7,0.0012280670925974846,49.96967697143555,0.0011036619544029236,49.11874008178711
8,0.0011460429523140192,46.92776870727539,0.000981915625743568,45.92447280883789
9,0.001007633632980287,42.94949722290039,0.0008631563396193087,42.589500427246094
10,0.0009064339101314545,40.38751983642578,0.0007546839769929647,39.3098030090332
11,0.0008684999193064868,39.20054626464844,0.0006476383423432708,35.79655075073242
12,0.000775960274040699,36.72271728515625,0.0005499387625604868,32.27877426147461
13,0.0007183087291195989,35.2237663269043,0.00046911175013519824,29.070573806762695
14,0.0007000566110946238,34.11520004272461,0.00039829948218539357,25.96087074279785
15,0.0006480207084678113,32.46697998046875,0.0003438888816162944,23.315000534057617
16,0.0006182466167956591,31.463186264038086,0.00029333328711800277,20.582555770874023
17,0.0005672876141034067,29.928152084350586,0.00025997680495493114,18.583711624145508
18,0.0005195594858378172,28.56961441040039,0.00022917958267498761,16.624948501586914
19,0.0005834528710693121,29.880990982055664,0.00020849447173532099,15.249876022338867
20,0.0006327275186777115,31.32326889038086,0.00021073735842946917,15.404756546020508
21,0.0006396133685484529,30.999881744384766,0.00022378827270586044,16.277503967285156
22,0.0005261225742287934,28.736186981201172,0.00020212240633554757,14.809503555297852
23,0.0005637477152049541,30.289947509765625,0.00020010830485261977,14.677777290344238
24,0.0005379171343520284,28.68741226196289,0.00018614176951814443,13.766529083251953
25,0.000557161692995578,29.802743911743164,0.0002000591193791479,14.674633979797363
26,0.0005702922935597599,29.84541893005371,0.00018503588216844946,13.695806503295898
27,0.0005272193811833858,28.63817024230957,0.0001831803092500195,13.57609748840332
28,0.0006117471493780613,30.956689834594727,0.00020368107652757317,14.912764549255371
29,0.0005406333948485553,29.409090042114258,0.0001964951807167381,14.438505172729492
30,0.0005112383514642715,28.751583099365234,0.00020539548131637275,15.033913612365723
31,0.00046048732474446297,27.128822326660156,0.00017544369620736688,13.062894821166992
32,0.0004959992947988212,28.18235969543457,0.00018519285367801785,13.706114768981934
33,0.0005449613672681153,29.25210952758789,0.00019630781025625765,14.426156997680664
34,0.0005322388024069369,28.776330947875977,0.00020464073168113828,14.98096752166748
35,0.0005645956844091415,30.774005889892578,0.00019556541519705206,14.376484870910645
36,0.0005066546145826578,28.545732498168945,0.0001709711505100131,12.755120277404785
37,0.0005530783673748374,29.497480392456055,0.00019419788441155106,14.28442668914795
38,0.0005626860074698925,29.73251724243164,0.00020439657964743674,14.964048385620117
39,0.0006081190658733249,31.075578689575195,0.00016579253133386374,12.402901649475098
40,0.000590496463701129,29.745298385620117,0.00026003853417932987,18.588884353637695
41,0.0005235915305092931,28.451953887939453,0.00017210612713824958,12.834451675415039
42,0.00046493363333866,27.14098358154297,0.00014217951684258878,10.930935859680176
43,0.0005800056387670338,29.537137985229492,0.00026007776614278555,18.59161376953125
44,0.0005398409557528794,28.712366104125977,0.00018138303130399436,13.459850311279297
45,0.0005306886741891503,28.744037628173828,0.00017783082148525864,13.224710464477539
46,0.0004840659094043076,27.8331356048584,0.0001551188761368394,11.685553550720215
47,0.00054487882880494,28.75605583190918,0.00017970087355934083,13.349311828613281
48,0.0005598203861154616,30.012989044189453,0.00021719872893299907,15.844502449035645
49,0.0005470332689583302,28.743619918823242,0.0001366373326163739,10.72607707977295
50,0.0005627031205222011,29.2477970123291,0.0002705249353311956,19.238277435302734
51,0.0005361546063795686,29.491247177124023,0.00011536290548974648,10.952695846557617
52,0.0006162619683891535,31.013948440551758,0.0003464116307441145,23.44595718383789
53,0.0005989586934447289,31.633197784423828,0.00010087558621307835,11.7621431350708
54,0.0005468794843181968,28.708782196044922,0.00032901132362894714,22.544841766357422
55,0.0006328037707135081,31.488744735717773,0.00011762764188461006,10.863801956176758
56,0.0005921450210735202,30.375385284423828,0.0003951362450607121,25.81646156311035
57,0.0006098312442190945,31.522008895874023,0.00010940572246909142,15.791359901428223
58,0.0007200114778243005,32.166656494140625,0.0011340827913954854,49.887847900390625
59,0.001148093375377357,47.76765060424805,9.482385212322697e-05,12.838438034057617
60,0.0005889866151846945,29.090784072875977,0.0006071291863918304,34.38146209716797
61,0.0006988119566813111,35.048927307128906,0.00017855656915344298,20.40809440612793
62,0.0008697310695424676,37.56983947753906,0.0017142369179055095,62.813377380371094
63,0.0017196752596646547,61.12370681762695,0.0002605361514724791,18.623218536376953
64,0.0005002469406463206,28.273971557617188,0.00010440024198032916,11.467617988586426
65,0.0005151164950802922,28.429414749145508,0.00048494176007807255,29.727558135986328
66,0.0006579752662219107,33.22044372558594,0.000276725651929155,25.677671432495117
67,0.0009846207685768604,39.696144104003906,0.002393966307863593,75.25953674316406
68,0.002366446889936924,74.25672912597656,0.0010498586343601346,47.734596252441406
69,0.0010547611163929105,45.8917350769043,0.00023199542192742229,23.410789489746094
70,0.0008968584006652236,37.98385238647461,0.002191681880503893,71.77503967285156
71,0.0021898304112255573,70.645751953125,0.000705577083863318,37.739620208740234
72,0.0007921221549622715,36.82807922363281,0.0002850558375939727,26.067684173583984
73,0.0010089845163747668,40.530799865722656,0.0024579085875302553,76.32901763916016
74,0.0024000101257115602,74.67298889160156,0.001170460949651897,50.791996002197266
75,0.0011736107990145683,48.65253448486328,0.00019226886797696352,21.19398307800293
76,0.0009396693203598261,37.295475006103516,0.002115974435582757,70.42803955078125
77,0.0020615821704268456,68.8996353149414,0.0005671243998222053,32.92704772949219
78,0.0007054329616948962,35.23480987548828,0.0002448461891617626,24.09579086303711
79,0.0009185323724523187,38.47184753417969,0.0022788015194237232,73.29570007324219
80,0.0022165863774716854,71.61347198486328,0.0008112195646390319,41.0535774230957
81,0.0008464480051770806,39.57915496826172,0.0003266773419454694,27.899499893188477
82,0.0010950389550998807,41.26099395751953,0.0025291915517300367,77.50431060791016
83,0.002498945686966181,76.45890045166016,0.0013639359967783093,55.358253479003906
84,0.0013970560394227505,53.71195983886719,9.659636270953342e-05,14.091519355773926
85,0.0005524998996406794,28.385883331298828,0.0009420884889550507,44.83563995361328
86,0.0010004403302446008,43.61450958251953,0.0002938761026598513,26.471393585205078
87,0.0010449369437992573,39.789520263671875,0.0024260496720671654,75.79827117919922
88,0.0023486868012696505,73.89599609375,0.0011265100911259651,49.69922637939453
89,0.0011249793460592628,46.68632125854492,0.00014589302008971572,18.26620864868164
90,0.0006410445785149932,31.375320434570312,0.0013564276741817594,55.18798828125
91,0.0013541789958253503,52.765872955322266,0.00010645342990756035,15.510064125061035
92,0.000603815249633044,30.570356369018555,0.0012110748793929815,51.78305435180664
93,0.0011578031117096543,48.05023956298828,0.00017720699543133378,20.327817916870117
94,0.0007595091010443866,34.83477020263672,0.00174003338906914,63.329769134521484
95,0.001688948250375688,60.87617874145508,0.0001647172321099788,12.337526321411133
96,0.00043763607391156256,25.570466995239258,0.0001246765605174005,10.614755630493164
97,0.0004927175468765199,26.541887283325195,0.00030708746635355055,21.364498138427734
98,0.00048263586359098554,26.87702178955078,0.00020613340893760324,21.951330184936523
99,0.0007855145377106965,35.98755645751953,0.0023067560978233814,73.77737426757812
100,0.0022443991620093584,72.08757019042969,0.0007323937606997788,38.60741424560547
101,0.0008116608951240778,37.78139877319336,0.0005959355039522052,38.33345031738281
102,0.0012665047543123364,46.82268524169922,0.0028480649925768375,82.56202697753906
103,0.002804048592224717,81.69457244873047,0.002058279700577259,69.38471984863281
104,0.00201507774181664,67.60137176513672,0.0006094480049796402,34.4663200378418
105,0.0007034896407276392,35.153602600097656,0.00023250971571542323,23.439128875732422
106,0.0008243409101851285,35.85964584350586,0.0018957644933834672,66.359619140625
107,0.0018888531485572457,64.9231948852539,0.00043468648800626397,27.605100631713867
108,0.0006153441499918699,30.957826614379883,0.00016786216292530298,19.750167846679688
109,0.0007105168770067394,32.43058395385742,0.001394648221321404,56.05048751831055
110,0.0014214391121640801,54.768226623535156,9.710556332720444e-05,12.188945770263672
111,0.0005041363765485585,27.78978157043457,0.0005254257121123374,31.343528747558594
112,0.000663922110106796,33.33607482910156,0.0003249231958761811,27.825618743896484
113,0.0009365747100673616,39.50713348388672,0.0020903469994664192,69.96672821044922
114,0.00203817174769938,68.20124053955078,0.0006472570239566267,35.78812789916992
115,0.0007569115841761231,36.205135345458984,0.0002117400144925341,22.263172149658203
116,0.0008478888776153326,36.09650421142578,0.0017627145862206817,63.77986145019531
117,0.0017624598694965243,62.593074798583984,0.0003066405770368874,21.340085983276367
118,0.0004583524714689702,27.0498046875,0.00011733201972674578,16.43465805053711
119,0.0005615173140540719,29.347509384155273,0.0009956872090697289,46.30001449584961
120,0.0009989049285650253,44.466773986816406,0.00020296494767535478,21.772375106811523
121,0.0007806728244759142,35.5651741027832,0.0017149593913927674,62.828956604003906
122,0.0016884086653590202,60.71706771850586,0.00025760146672837436,18.442588806152344
123,0.0004613960918504745,26.701433181762695,0.00011881317186634988,16.541297912597656
124,0.0005321281496435404,28.694454193115234,0.001019069692119956,46.924983978271484
125,0.000987224979326129,43.52442932128906,0.00015084637561812997,18.60215950012207
126,0.0006668313289992511,33.35060501098633,0.0013887480599805713,55.91838836669922
127,0.001347403391264379,53.049560546875,9.62884005275555e-05,12.321730613708496
128,0.0004168581508565694,25.34400749206543,0.00038676115218549967,25.427759170532227
129,0.0005011194734834135,28.878353118896484,0.0002548332267906517,24.608150482177734
130,0.0007098586647771299,34.35279083251953,0.00173714489210397,63.272525787353516
131,0.001695436192676425,61.63737869262695,0.0002320935163879767,16.81777572631836
132,0.00044635048834607005,26.279415130615234,0.0001745773188304156,20.16888999938965
133,0.0006083669140934944,31.217947006225586,0.0013526828261092305,55.10326385498047
134,0.0013469468103721738,53.31468963623047,9.481763845542446e-05,13.445413589477539
135,0.00042814682819880545,26.224761962890625,0.0004546716227196157,28.468299865722656
136,0.0005830032750964165,31.07537269592285,0.00031898653833195567,27.574024200439453
137,0.0008795008761808276,38.2711181640625,0.002007826929911971,68.45964813232422
138,0.0019705079030245543,66.68805694580078,0.0005926473531872034,33.86404800415039
139,0.0006524660857394338,33.50273132324219,0.00020584579033311456,21.93524932861328
140,0.0006094671553000808,31.214609146118164,0.0011440666858106852,50.13924789428711
141,0.0011805124813690782,49.60292053222656,0.00010249416664009914,15.069369316101074
142,0.0004401415353640914,25.61150550842285,0.0006533997366204858,35.99885940551758
143,0.0006979287718422711,34.92311096191406,0.00021145623759366572,22.24654197692871
144,0.0006535925786010921,33.32918167114258,0.0014283403288573027,56.80039978027344
145,0.0014066614676266909,54.9392204284668,0.00012409199553076178,10.626522064208984
146,0.00037861461169086397,24.540802001953125,0.00016536428302060813,12.380592346191406
147,0.00036345096305012703,23.267181396484375,9.552430856274441e-05,12.497364044189453
148,0.0004148546722717583,25.582414627075195,0.00038469809805974364,25.330345153808594
149,0.0005367902340367436,29.180585861206055,0.00032631304929964244,27.88397789001465
150,0.0009322400437667966,39.69107437133789,0.002099568024277687,70.1333236694336
151,0.002054806100204587,68.860595703125,0.0007408218807540834,38.87639617919922
152,0.0008199066505767405,38.98245620727539,0.00020990056509617716,22.16092300415039
153,0.0006952708354219794,33.9343376159668,0.0012702337699010968,53.19459533691406
154,0.0012505559716373682,50.93706130981445,0.00010928174742730334,11.205770492553711
155,0.0003601092321332544,23.487300872802734,0.00019204264390282333,14.144901275634766
156,0.00038207595935091376,23.906705856323242,0.00010693702643038705,15.559268951416016
157,0.0004711102810688317,27.861621856689453,0.0008466080180369318,42.1091423034668
158,0.00090326665667817,40.98556137084961,0.0001995137718040496,21.58683967590332
159,0.0005904156714677811,31.585819244384766,0.0011983587173745036,51.47537612915039
160,0.001194666838273406,49.735904693603516,9.469263750361279e-05,13.3378267288208
161,0.0003295925271231681,22.73363494873047,0.00020350264094304293,14.908655166625977
162,0.0003749335592146963,23.587200164794922,0.00012748689914587885,17.109025955200195
163,0.0005007412983104587,28.323755264282227,0.0009286918793804944,44.46338653564453
164,0.0009686053381301463,43.27400207519531,0.00020599702838808298,21.943763732910156
165,0.0005389672005549073,30.31926155090332,0.0010829020757228136,48.59191131591797
166,0.0011080193798989058,47.15102005004883,0.00011492414341773838,16.253618240356445
167,0.00048470820183865726,27.531330108642578,0.0007130735903047025,37.985374450683594
168,0.0007266666507348418,35.90544128417969,0.00019898693426512182,21.558752059936523
169,0.0006271358579397202,32.52324676513672,0.0012352063786238432,52.36348342895508
170,0.0011848524445667863,48.9805908203125,0.00010021622438216582,11.812369346618652
171,0.0003031063242815435,21.2758846282959,0.0001515340554760769,11.463438034057617
172,0.0003259060613345355,22.05048179626465,0.00010475051385583356,15.331611633300781
173,0.00038759681046940386,24.993762969970703,0.0006682032253593206,36.50111389160156
174,0.0007215720834210515,35.28446578979492,0.00027742201928049326,25.710643768310547
175,0.0007220761617645621,34.948123931884766,0.0014834789326414466,58.00703430175781
176,0.0014720408944413066,56.68406295776367,0.0001762828032951802,13.126134872436523
177,0.00037556211464107037,23.8909912109375,0.00010300539724994451,15.131505966186523
178,0.0004006348317489028,25.421302795410156,0.0005332260625436902,31.645797729492188
179,0.0006254438776522875,31.962017059326172,0.00027548527577891946,25.618885040283203
180,0.0006945381173864007,34.54257583618164,0.0014182660961523652,56.577110290527344
181,0.0013986281119287014,54.703155517578125,0.00017600890714675188,13.107429504394531
182,0.00033882001298479736,22.24668312072754,0.00010066965478472412,14.827598571777344
183,0.0003728145675268024,24.937000274658203,0.0003916288842447102,25.65639877319336
184,0.0004857981693930924,27.8626651763916,0.00020136864623054862,21.685199737548828
185,0.0005192297976464033,29.994983673095703,0.000972095993347466,45.661197662353516
186,0.0010159820085391402,44.85660171508789,0.00011848675785586238,16.518051147460938
187,0.0004488672420848161,27.443891525268555,0.0005499226390384138,32.28326416015625
188,0.000579400104470551,31.088764190673828,0.00018382245616521686,20.717321395874023
189,0.0005120830028317869,29.30615997314453,0.0009642671793699265,45.4472541809082
190,0.0009754069615155458,43.27349853515625,0.00010167984873987734,14.964755058288574
191,0.0003409511409699917,23.6694393157959,0.00036186526995152235,24.224943161010742
192,0.0004846016236115247,27.371644973754883,0.0001760219456627965,20.25649642944336
193,0.000509922334458679,29.88082504272461,0.0009815992088988423,45.91938400268555
194,0.0009850666392594576,43.89885711669922,0.00010204262798652053,15.011548042297363
195,0.00036787069984711707,24.19635772705078,0.0003702673420775682,24.63656997680664
196,0.0004771943495143205,26.882831573486328,0.0002019667881540954,21.716739654541016
197,0.0006190254352986813,33.2208251953125,0.0012316959910094738,52.27915954589844
198,0.001234693918377161,50.84004211425781,0.00011816964979516342,10.836777687072754
199,0.00029133493080735207,21.071693420410156,0.00010384659981355071,11.494953155517578
200,0.0003152063291054219,21.933609008789062,0.00012184086517663673,10.704584121704102
201,0.0002946496242657304,20.897106170654297,9.858133853413165e-05,11.993905067443848
202,0.0003266687854193151,22.478439331054688,0.0001311703963438049,10.612648010253906
203,0.00029275863198563457,20.771116256713867,9.490079537499696e-05,12.749481201171875
204,0.00031126165413297713,22.038896560668945,0.00024657073663547635,17.7318058013916
205,0.0003678079810924828,23.19504737854004,0.0003124793292954564,27.294584274291992
206,0.0007266385946422815,35.80912780761719,0.0017255950951948762,63.04173278808594
207,0.0016864038771018386,61.46480178833008,0.00035334014683030546,23.799842834472656
208,0.0004488983249757439,26.616073608398438,0.00020291286637075245,21.769262313842773
209,0.0004455618327483535,27.871044158935547,0.0008087486494332552,40.97920608520508
210,0.0008460480603389442,39.846500396728516,0.00013399567978922278,17.510921478271484
211,0.0004363822808954865,26.657978057861328,0.0006186528480611742,34.79191970825195
212,0.0006732406909577549,33.90203094482422,0.00016279130068141967,19.420923233032227
213,0.00042446746374480426,27.554235458374023,0.0007443194044753909,38.98634338378906
214,0.0007942293887026608,37.98212814331055,0.00012536295980680734,16.977989196777344
215,0.00039215569267980754,25.208354949951172,0.0005094123771414161,30.713716506958008
216,0.0005528258043341339,29.626392364501953,0.00016408076044172049,19.50566291809082
217,0.0004386229848023504,27.735519409179688,0.0006912795943208039,37.27027893066406
218,0.000725149700883776,36.3188362121582,0.0001309130893787369,17.312763214111328
219,0.0003617509501054883,24.413530349731445,0.00045861033140681684,28.63370132446289
220,0.0005107727483846247,28.83573341369629,0.00017767099780030549,20.355491638183594
221,0.0004102292296011001,27.116621017456055,0.0006640975479967892,36.361148834228516
222,0.0007102055824361742,35.20630645751953,0.00013502771616913378,17.576080322265625
223,0.00036064465530216694,24.52947235107422,0.0004586645809467882,28.635820388793945
224,0.0005123438313603401,28.678150177001953,0.00017392393783666193,20.12854766845703
225,0.0004521250375546515,28.00297737121582,0.0006626324029639363,36.31138610839844
226,0.0006925183115527034,34.52217483520508,0.0001303345779888332,17.279247283935547
227,0.00034320662962272763,23.952280044555664,0.0003930073289666325,25.719026565551758
228,0.00047141817049123347,26.707178115844727,0.0001982110843528062,21.51723289489746
229,0.0004432175192050636,28.21698760986328,0.0006946985376998782,37.38271713256836
230,0.0007596008945256472,37.24563217163086,0.00012512282410170883,16.962989807128906
231,0.0003179163031745702,23.30940055847168,0.00032566924346610904,22.3701171875
232,0.0003783325373660773,23.887914657592773,0.0001630141632631421,19.43532371520996
233,0.0003934369597118348,26.46394157409668,0.000621350365690887,34.88612747192383
234,0.0006642251391895115,34.186458587646484,0.00014101609122008085,17.949878692626953
235,0.0003542649792507291,24.910146713256836,0.00048071323544718325,29.554668426513672
236,0.0005345590761862695,29.12441062927246,0.00015338807133957744,18.776086807250977
237,0.0003988859534729272,27.09226417541504,0.0005679564201273024,32.957279205322266
238,0.0006192720029503107,32.44794845581055,0.00014732203271705657,18.364276885986328
239,0.00038596580270677805,26.218032836914062,0.0005594929098151624,32.641658782958984
240,0.0005929593462496996,31.65406036376953,0.00013469724217429757,17.555360794067383
241,0.0003255147603340447,24.510284423828125,0.0003812489449046552,25.163148880004883
242,0.0004480346688069403,26.168764114379883,0.00016852517728693783,19.7917423248291
243,0.0003328255261294544,24.258607864379883,0.0005051044863648713,30.54131507873535
244,0.0005716210580430925,30.370615005493164,0.00015191716374829412,18.672237396240234
245,0.0003749843453988433,25.999197006225586,0.0005032358458265662,30.466663360595703
246,0.0005509520997293293,29.7987003326416,0.00013793040125165135,17.755084991455078
247,0.0003216311743017286,23.852014541625977,0.0003953494015149772,25.827299118041992
248,0.0004438346950337291,26.468395233154297,0.00016644834249746054,19.65890121459961
249,0.00035910934093408287,24.889991760253906,0.0005201218882575631,31.13418960571289
250,0.0005628966027870774,30.244234085083008,0.0001473605225328356,18.36677360534668
251,0.00036665238440036774,25.824054718017578,0.0004739709256682545,29.275676727294922
252,0.0005118275876156986,28.388891220092773,0.00014356369501911104,18.115196228027344
253,0.00033262529177591205,24.22477149963379,0.00043588867993094027,27.655027389526367
254,0.0004965139669366181,28.140735626220703,0.0001672149810474366,19.708051681518555
255,0.00034790439531207085,24.46477699279785,0.0004746382182929665,29.303173065185547
256,0.0004961190279573202,28.395389556884766,0.0001493729359935969,18.50316047668457
257,0.0003304932324681431,24.164024353027344,0.0004560206434689462,28.5222110748291
258,0.0005246334476396441,29.44001007080078,0.00016362074529752135,19.474855422973633
259,0.0003374055086169392,24.259408950805664,0.00046055615530349314,28.71417236328125
260,0.0004732538072858006,27.9575252532959,0.00013131191371940076,17.337400436401367
261,0.00028084934456273913,21.72437858581543,0.00030125799821689725,21.03537940979004
262,0.00037907378282397985,23.118919372558594,0.00018083910981658846,20.54308319091797
263,0.0003783237771131098,26.53499984741211,0.0005496905650943518,32.27171325683594
264,0.0005817394703626633,31.670637130737305,0.0001375974534312263,17.734966278076172
265,0.0002792743325699121,22.261394500732422,0.00029093597549945116,20.447887420654297
266,0.0003842498117592186,23.974544525146484,0.00014863292744848877,18.45317268371582
267,0.00030825825524516404,23.44269371032715,0.0004045394016429782,26.251094818115234
268,0.0004403602215461433,26.568069458007812,0.0001710795913822949,19.952213287353516
269,0.0003283404221292585,24.138662338256836,0.0003951933467760682,25.819011688232422
270,0.0004485079552978277,26.428695678710938,0.00017742156342137605,20.34013557434082
271,0.00033310623257420957,24.85746192932129,0.0004639549879357219,28.856857299804688
272,0.0005121428403072059,29.02420997619629,0.0001489230926381424,18.47272300720215
273,0.0003145272203255445,23.83404541015625,0.0004180545511189848,26.86415672302246
274,0.0004742166493088007,27.327373504638672,0.0001524416438769549,18.70762825012207
275,0.0003317930386401713,23.84857177734375,0.00038468660204671323,25.325000762939453
276,0.0004262325819581747,25.373519897460938,0.00015122185868676752,18.62616539001465
277,0.00028526081587187946,22.727344512939453,0.0003046898345928639,21.226533889770508
278,0.00037130824057385325,23.188819885253906,0.0001776820863597095,20.355690002441406
279,0.00037738369428552687,26.68773651123047,0.0005129746859893203,30.85211944580078
280,0.0005441648536361754,29.521785736083984,0.00012344827700871974,16.85601234436035
281,0.0002608666545711458,21.5465145111084,0.00026551965856924653,18.93130111694336
282,0.00031416190904565156,21.681543350219727,0.00014529010513797402,18.224849700927734
283,0.0002717486640904099,22.166521072387695,0.00033734249882400036,22.97994041442871
284,0.00040426678606308997,24.071054458618164,0.00017803124501369894,20.376544952392578
285,0.0003413309750612825,25.23114013671875,0.0004502288647927344,28.27415657043457
286,0.0005097925313748419,28.65639877319336,0.0001620117691345513,19.368139266967773
287,0.0003155775193590671,24.378536224365234,0.0003870078653562814,25.43442153930664
288,0.0004297481500543654,25.639432907104492,0.00014956091763451695,18.5155029296875
289,0.00029936680220998824,23.54483413696289,0.00033720635110512376,22.9726505279541
290,0.00038830924313515425,24.054569244384766,0.00015577301383018494,18.94317054748535
291,0.00029552672640420496,23.04465103149414,0.00035459158243611455,23.858394622802734
292,0.00039091057260520756,24.171545028686523,0.00014276134606916457,18.063575744628906
293,0.0003028511127922684,23.882587432861328,0.00035618702531792223,23.93811798095703
294,0.00041084797703661025,24.37913703918457,0.00015065204934217036,18.58829689025879
295,0.00027275350294075906,22.911788940429688,0.0003134958096779883,21.711421966552734
296,0.000375947798602283,23.3013916015625,0.0001696238323347643,19.86065673828125
297,0.0003094782296102494,24.309608459472656,0.00038590840995311737,25.382125854492188
298,0.0004391991824377328,25.449583053588867,0.00014610047219321132,18.27949333190918
299,0.0002718808827921748,22.17862319946289,0.00028191303135827184,19.92009735107422
300,0.00033497606636956334,21.45341682434082,0.00016400651657022536,19.499671936035156
301,0.0003150739648845047,24.931730270385742,0.0004153790941927582,26.742855072021484
302,0.00045527852489612997,26.94114112854004,0.0001460789644625038,18.277971267700195
303,0.0002589106443338096,21.928709030151367,0.00026970391627401114,19.187288284301758
304,0.0003115020226687193,20.781970977783203,0.0001500198122812435,18.546119689941406
305,0.00028252729680389166,23.222957611083984,0.0003286557912360877,22.52477264404297
306,0.00038428205880336463,23.650739669799805,0.00014807036495767534,18.41469383239746
307,0.0002942332939710468,23.67072105407715,0.0003160814521834254,21.85172462463379
308,0.0003728590963874012,23.307071685791016,0.00016343279276043177,19.4619197845459
309,0.00031177685013972223,24.563465118408203,0.0003991217236034572,26.00004005432129
310,0.0004467714170459658,25.99724006652832,0.0001425037917215377,18.046903610229492
311,0.00028500909684225917,23.056093215942383,0.0003305146819911897,22.622512817382812
312,0.0003801211714744568,23.168210983276367,0.00015050977526698261,18.578737258911133
313,0.0002893959463108331,23.75518226623535,0.00029476164490915835,20.665254592895508
314,0.00035852519795298576,22.542268753051758,0.0001387717784382403,17.806154251098633
315,0.00025891282712109387,22.112957000732422,0.00029241209267638624,20.530664443969727
316,0.00031511031556874514,20.654233932495117,0.00014081952394917607,17.936790466308594
317,0.00026180181885138154,22.636749267578125,0.00029970312607474625,20.94552993774414
318,0.0003553800634108484,22.099342346191406,0.00015850496129132807,19.131494522094727
319,0.0002816489723045379,23.45033073425293,0.0003187408437952399,21.995298385620117
320,0.00037088245153427124,22.949392318725586,0.00015759594680275768,19.069164276123047
321,0.00028920991462655365,23.252901077270508,0.0003364903386682272,22.934524536132812
322,0.00037540344055742025,23.000629425048828,0.00014582223957404494,18.260021209716797
323,0.00026443818933330476,22.736604690551758,0.00026840667123906314,19.10733413696289
324,0.0003025760524906218,20.266986846923828,0.00013977113121654838,17.867225646972656
325,0.0002606511989142746,22.42048454284668,0.00027633827994577587,19.587797164916992
326,0.0003263326652813703,21.241825103759766,0.00016165939450729638,19.344314575195312
327,0.0002913849602919072,23.828271865844727,0.0003313254565000534,22.66474151611328
328,0.0003829862689599395,23.929494857788086,0.00016602101095486432,19.630550384521484
329,0.00029434062889777124,24.444355010986328,0.0003351139894220978,22.862768173217773
330,0.0003819559351541102,23.778871536254883,0.00015084134065546095,18.600692749023438
331,0.0002762080112006515,23.261667251586914,0.00030510957003571093,21.248106002807617
332,0.0003466759226284921,21.92078971862793,0.00013446254888549447,17.54071807861328
333,0.00024757208302617073,22.036710739135742,0.00022003565391059965,16.03145408630371
334,0.00026938848895952106,19.08238983154297,0.00012919305299874395,17.213146209716797
335,0.00023036652419250458,20.830350875854492,0.0002224188210675493,16.188207626342773
336,0.00027362891705706716,18.835020065307617,0.00014361945795826614,18.118776321411133
337,0.0002674297138582915,22.36638069152832,0.0003104120260104537,21.541332244873047
338,0.00037188033456914127,23.06616973876953,0.00016182131366804242,19.355030059814453
339,0.0002731261483859271,23.440603256225586,0.0003160288615617901,21.84813117980957
340,0.0003745386202353984,22.64960479736328,0.0001429323892807588,18.074607849121094
341,0.00024226447567343712,21.519010543823242,0.0002553455124143511,18.291040420532227
342,0.0002998451527673751,19.881820678710938,0.0001430000556865707,18.07897186279297
343,0.0002615845878608525,22.773876190185547,0.00030413808417506516,21.193740844726562
344,0.0003571410197764635,22.60089111328125,0.00015507315401919186,18.893638610839844
345,0.0002442122786305845,21.69989585876465,0.00024427552125416696,17.573081970214844
346,0.00030047769541852176,19.651134490966797,0.00014326986274681985,18.09634017944336
347,0.00025679462123662233,21.984582901000977,0.00027077115373685956,19.25115966796875
348,0.00032345784711651504,20.66741943359375,0.00014855382323730737,18.447315216064453
349,0.00024388974998146296,21.868186950683594,0.00026602880097925663,18.960554122924805
350,0.00030417737434618175,20.60362434387207,0.00014453726180363446,18.177295684814453
351,0.00022857471776660532,20.98871612548828,0.0002467413723934442,17.735109329223633
352,0.0003017665003426373,20.17805290222168,0.000165323173860088,19.58524513244629
353,0.0002794337342493236,23.934429168701172,0.00032964296406134963,22.575788497924805
354,0.00038187665631994605,22.859241485595703,0.00013542392116505653,17.601171493530273
355,0.0002267752424813807,20.924842834472656,0.00022417979198507965,16.302757263183594
356,0.0002881968393921852,19.815977096557617,0.00014658788859378546,18.31290054321289
357,0.00023140183475334197,21.278348922729492,0.0002369670255575329,17.114809036254883
358,0.000280093343462795,18.814224243164062,0.0001285787730012089,17.176565170288086
359,0.0002100269921356812,20.19534683227539,0.0002027500158874318,14.849918365478516
360,0.0002548267657402903,17.857192993164062,0.0001444805966457352,18.173704147338867
361,0.00026360456831753254,22.501174926757812,0.0003091373364441097,21.470762252807617
362,0.000361889717169106,22.759597778320312,0.00016764362226240337,19.734664916992188
363,0.0002702482743188739,23.55211067199707,0.0002941035490948707,20.626659393310547
364,0.00033239126787520945,21.248376846313477,0.00014039489906281233,17.90867805480957
365,0.00024463716545142233,21.844694137573242,0.00025068738614208996,17.99164390563965
366,0.0003135229926556349,20.53496551513672,0.00013664763537235558,17.67708969116211
367,0.00022918118338566273,20.82880210876465,0.00020367090473882854,14.911224365234375
368,0.0002682441263459623,18.379758834838867,0.00013617677905131131,17.64801597595215
369,0.000228687102207914,20.957744598388672,0.00021310063311830163,15.565868377685547
370,0.0002632782852742821,18.331966400146484,0.00013804013724438846,17.76213836669922
371,0.00023211025109048933,21.322357177734375,0.00023287729709409177,16.859024047851562
372,0.00027413872885517776,18.868797302246094,0.00014038782683201134,17.908206939697266
373,0.00024804455460980535,21.96142578125,0.000265066308202222,18.900712966918945
374,0.00031859957380220294,20.595483779907227,0.00015683608944527805,19.016416549682617
375,0.00024188078532461077,22.0041446685791,0.00025923221255652606,18.536598205566406
376,0.00030089649953879416,20.060152053833008,0.00015001153224147856,18.545324325561523
377,0.0002510643098503351,22.63457489013672,0.0002769947168417275,19.626163482666016
378,0.00030615442665293813,20.334095001220703,0.00013330696674529463,17.467121124267578
379,0.00023757615417707711,21.555736541748047,0.00022429386444855481,16.309846878051758
380,0.00027446990134194493,18.76171112060547,0.0001318643771810457,17.37364387512207
381,0.00020595233945641667,19.86554718017578,0.00018251810979563743,13.532227516174316
382,0.00023354694712907076,16.59737205505371,0.0001336802524747327,17.491024017333984
383,0.00021863909205421805,20.706575393676758,0.00020513145136646926,15.014211654663086
384,0.0002551040379330516,18.380474090576172,0.00014474763884209096,18.190645217895508
385,0.0002363612875342369,21.783092498779297,0.00026060378877446055,18.62264633178711
386,0.00029074246413074434,19.412076950073242,0.00015317989164032042,18.75941276550293
387,0.00023347926617134362,21.672344207763672,0.0002473259810358286,17.77281379699707
388,0.0002843932306859642,19.161935806274414,0.00014527441817335784,18.223922729492188
389,0.00023034623882267624,21.087350845336914,0.00022947350225877017,16.643186569213867
390,0.00027045796741731465,18.61270523071289,0.00014979270054027438,18.530664443969727
391,0.00024396889784839004,22.065980911254883,0.00025307436590082943,18.145044326782227
392,0.0002881801046896726,19.462984085083008,0.0001347383513348177,17.558168411254883
393,0.00021449946507345885,20.451295852661133,0.0001950421865331009,14.339859962463379
394,0.0002505134616512805,17.69156265258789,0.00013500128989107907,17.57471466064453
395,0.00023562763817608356,20.978059768676758,0.000246242358116433,17.70177459716797
396,0.000292369193630293,19.615205764770508,0.0001598123781150207,19.219995498657227
397,0.00024508751812390983,22.22438621520996,0.0002585629699751735,18.494178771972656
398,0.00030580878956243396,20.52202606201172,0.0001384825591230765,17.788896560668945
399,0.00023517907538916916,21.384614944458008,0.00023108688765205443,16.745635986328125
400,0.0002650494279805571,18.872365951538086,0.00013073455193080008,17.30396270751953
401,0.0002101170684909448,19.76763153076172,0.000180018090759404,13.368071556091309
402,0.00023844846873544157,17.07090187072754,0.00012601241178344935,17.01970672607422
403,0.00020296574803069234,19.683923721313477,0.00017195061082020402,12.82177734375
404,0.0002165716578019783,16.432571411132812,0.00013449942343868315,17.543088912963867
405,0.0002123127633240074,20.800870895385742,0.00022382577299140394,16.279151916503906
406,0.00027456783573143184,18.863121032714844,0.00014612587983720005,18.280841827392578
407,0.00021590387041214854,20.76173973083496,0.00024217585450969636,17.434579849243164
408,0.0002940851845778525,19.496170043945312,0.0001565411948831752,18.995882034301758
409,0.00024572835536673665,22.277788162231445,0.00028099314658902586,19.86370849609375
410,0.00033966495539061725,21.50943946838379,0.00014736368029844016,18.366134643554688
411,0.00024809548631310463,22.334230422973633,0.00023369026894215494,16.909757614135742
412,0.0002642019826453179,18.556381225585938,0.00012650857388507575,17.05055046081543
413,0.0002089224144583568,20.021778106689453,0.00017461561947129667,13.005215644836426
414,0.0002271558332722634,16.803855895996094,0.0001304122997680679,17.285200119018555
415,0.000206519165658392,19.957834243774414,0.00016728953050915152,12.49801254272461
416,0.00022254114446695894,16.48575782775879,0.0001312783861067146,17.335493087768555
417,0.00021710504370275885,20.381315231323242,0.00020183993910904974,14.79017448425293
418,0.00026711635291576385,18.35300064086914,0.00014396420738194138,18.14082908630371
419,0.00022375155822373927,21.1334285736084,0.0002233829436590895,16.250219345092773
420,0.00025470639229752123,18.302160263061523,0.00013094805763103068,17.316387176513672
421,0.00021557490981649607,20.505807876586914,0.00019197571964468807,14.132164001464844
422,0.00023143948055803776,17.022781372070312,0.00013402335753198713,17.51290512084961
423,0.00021212284627836198,20.091537475585938,0.00019733486988116056,14.493285179138184
424,0.00023360391787718982,17.221065521240234,0.00014393481251318008,18.138954162597656
425,0.00021814178035128862,20.7126522064209,0.00021796485816594213,15.892921447753906
426,0.00027202762430533767,18.5745849609375,0.00015394437650684267,18.813718795776367
427,0.0002369395224377513,21.94510269165039,0.0002684673818293959,19.109664916992188
428,0.0003006393671967089,20.270469665527344,0.0001407938834745437,17.935054779052734
429,0.00021698370983358473,20.95098304748535,0.00020079636306036264,14.721940040588379
430,0.0002551778743509203,17.902873992919922,0.00012975769641343504,17.24679183959961
431,0.00020635922555811703,19.971105575561523,0.0001768325746525079,13.155494689941406
432,0.000224556410103105,16.568239212036133,0.00012171857088105753,16.7419376373291
433,0.0001976680214283988,19.45964241027832,0.00017150354688055813,12.790590286254883
434,0.0002289948024554178,16.7007999420166,0.00013670866610482335,17.680883407592773
435,0.00020562003192026168,19.997169494628906,0.00020424570539034903,14.95138168334961
436,0.00024754207697696984,17.874874114990234,0.00014530483167618513,18.22585105895996
437,0.00022694611106999218,21.181453704833984,0.00021808376186527312,15.900821685791016
438,0.0002562741283327341,17.889541625976562,0.00013030889385845512,17.27916145324707
439,0.00020010197476949543,19.57357406616211,0.00017873203614726663,13.282670974731445
440,0.0002210194943472743,16.801454544067383,0.0001232649083249271,16.844364166259766
441,0.00018595308938529342,19.011436462402344,0.00017961615230888128,13.341381072998047
442,0.0002234430139651522,16.632797241210938,0.0001447776157874614,18.192550659179688
443,0.00023394224990624934,21.725584030151367,0.0002358725032536313,17.046157836914062
444,0.00027350353775545955,18.447290420532227,0.0001426989765604958,18.059528350830078
445,0.0002415832714177668,21.901453018188477,0.0002356337063247338,17.031272888183594
446,0.0002797592605929822,18.75743865966797,0.00014065434515941888,17.925840377807617
447,0.0002247165102744475,21.218368530273438,0.00020795868476852775,15.211730003356934
448,0.0002601860905997455,17.994173049926758,0.00013155597844161093,17.35342788696289
449,0.0001962231326615438,19.519840240478516,0.00017994767404161394,13.363310813903809
450,0.00022671115584671497,16.725160598754883,0.00012745437561534345,17.10867691040039
451,0.00020782023784704506,20.081050872802734,0.00017480905808042735,13.018362045288086
452,0.00022803866886533797,16.59831428527832,0.0001313685643253848,17.34109878540039
453,0.00021448300685733557,20.657989501953125,0.00020579980628099293,15.06087589263916
454,0.00024690889404155314,17.89722442626953,0.0001315293338848278,17.35167694091797
455,0.00019662587146740407,19.685916900634766,0.00018569378880783916,13.736940383911133
456,0.00023388212139252573,17.083036422729492,0.00013201340334489942,17.38338851928711
457,0.00022501559578813612,21.081100463867188,0.00020472874166443944,14.98549747467041
458,0.0002471568586770445,17.581605911254883,0.00013359561853576452,17.485628128051758
459,0.00020694774866569787,19.91100311279297,0.00016438662714790553,12.30959415435791
460,0.00020719374879263341,16.166898727416992,0.0001187311572721228,16.535377502441406
461,0.00019322983280289918,19.242151260375977,0.00016729663184378296,12.498429298400879
462,0.0002159247815143317,16.341466903686523,0.00012955364945810288,17.234745025634766
463,0.00020769935508724302,20.46375846862793,0.00021365424618124962,15.602982521057129
464,0.00025836279382929206,18.11734962463379,0.0001480909122619778,18.415771484375
465,0.00023089107708074152,21.807416915893555,0.00023673086252529174,17.099533081054688
466,0.00028092641150578856,18.827592849731445,0.00014969571202527732,18.52413558959961
467,0.00024097628192976117,21.754453659057617,0.0002124216698575765,15.519112586975098
468,0.0002515355299692601,17.977954864501953,0.00012922352470923215,17.215171813964844
469,0.00020096852676942945,19.63578987121582,0.00016325009346473962,12.23477840423584
470,0.00021337335056159645,16.19630241394043,0.00012210225395392627,16.767620086669922
471,0.00019731851352844387,19.694063186645508,0.00016785849584266543,12.534455299377441
472,0.0002131581277353689,16.06834602355957,0.00012809668260160834,17.147666931152344
473,0.0002078480611089617,20.065698623657227,0.0001858282194007188,13.745526313781738
474,0.0002281959168612957,16.375263214111328,0.00013621681137010455,17.65052604675293
475,0.00020807207329198718,20.473447799682617,0.00021254034072626382,15.527203559875488
476,0.0002548891643527895,17.512216567993164,0.0001323340111412108,17.404281616210938
477,0.0002007083676289767,19.749650955200195,0.00017450409359298646,12.997540473937988
478,0.00022405158961191773,16.498239517211914,0.00012949254596605897,17.23113250732422
479,0.00021215366723481566,20.341245651245117,0.00017616037803236395,13.110109329223633
480,0.00020736691658385098,15.894145011901855,0.0001243494771188125,16.9145565032959
481,0.00020953899365849793,20.223703384399414,0.00019905189401470125,14.607138633728027
482,0.0002558982523623854,17.656925201416016,0.0001402899797540158,17.901708602905273
483,0.00023266796779353172,21.998125076293945,0.00022059542243368924,16.06730842590332
484,0.00025419468875043094,17.926189422607422,0.00012828738545067608,17.159170150756836
485,0.00019358338613528758,19.30716323852539,0.00016591652820352465,12.409356117248535
486,0.00021690742869395763,16.463029861450195,0.00011946749873459339,16.587434768676758
487,0.00019731353677343577,19.590229034423828,0.00016204571875277907,12.154813766479492
488,0.00020387199765536934,15.523218154907227,0.00012185942614451051,16.751388549804688
489,0.000191706873010844,19.515933990478516,0.0001571252942085266,11.820436477661133
490,0.0002046443842118606,15.786884307861328,0.00012879770656581968,17.18979263305664
491,0.00018629505939316005,19.170812606811523,0.00018056819681078196,13.404255867004395
492,0.0002191500534536317,16.411691665649414,0.00013500968634616584,17.575254440307617
493,0.00020877295173704624,20.392230987548828,0.00019836999126709998,14.562041282653809
494,0.00024089096405077726,16.894208908081055,0.00014704024943057448,18.34394073486328
495,0.00022476892627310008,21.48976707458496,0.00021501784794963896,15.695250511169434
496,0.0002537041436880827,18.110898971557617,0.0001419367326889187,18.010032653808594
497,0.00022141161025501788,21.1197566986084,0.00019125941616948694,14.087737083435059
498,0.00023570728080812842,17.171321868896484,0.0001213887517224066,16.71971321105957
499,0.00019012879056390375,19.051166534423828,0.00016092497389763594,12.079769134521484
500,0.00021195424778852612,15.810345649719238,0.00011400585935916752,16.18035316467285
501,0.00018049386562779546,18.47588539123535,0.00015623672516085207,11.758673667907715
502,0.00019427154620643705,15.585912704467773,0.00012550188694149256,16.98773765563965
503,0.00019303805311210454,19.51093292236328,0.00017160657444037497,12.797769546508789
504,0.00021054687385912985,16.05242919921875,0.00013379209849517792,17.4981746673584
505,0.00020501139806583524,20.59040641784668,0.00019695574883371592,14.467988967895508
506,0.00023207793128676713,17.181291580200195,0.00014401836961042136,18.144289016723633
507,0.00023650785442441702,22.014123916625977,0.00022280483972281218,16.21242904663086
508,0.0002654042618814856,18.290510177612305,0.00014018559886608273,17.894777297973633
509,0.0002111687499564141,20.36081314086914,0.0001737490965751931,12.945858001708984
510,0.00021479242423083633,16.097028732299805,0.00011659174197120592,16.379432678222656
511,0.00019618269288912416,19.49665641784668,0.00016068460536189377,12.063590049743652
512,0.00020956745720468462,16.130186080932617,0.00011411304876673967,16.188865661621094
513,0.00019247399177402258,19.02094078063965,0.0001522452075732872,11.502179145812988
514,0.00020167289767414331,15.863667488098145,0.00011845431436086074,16.51560401916504
515,0.00017603488231543452,18.495756149291992,0.00016068771947175264,12.063800811767578
516,0.0002159352006856352,16.114906311035156,0.0001271240907954052,17.08847427368164
517,0.00021388586901593953,20.605632781982422,0.00019275736121926457,14.184864044189453
518,0.00024627544917166233,17.38815689086914,0.00014876102795824409,18.46122169494629
519,0.00023526175937149674,22.244712829589844,0.00021745997946709394,15.85921573638916
520,0.00026793719734996557,18.202007293701172,0.00013660761760547757,17.674659729003906
521,0.0002136890107067302,20.515220642089844,0.0001803016202757135,13.386697769165039
522,0.00021235943131614476,16.032541275024414,0.000123610720038414,16.866880416870117
523,0.00019952395814470947,19.76573944091797,0.00015195610467344522,11.483670234680176
524,0.00018640083726495504,15.563783645629883,0.00011713852290995419,16.41998863220215
525,0.0001875951129477471,19.10783576965332,0.00017005763947963715,12.689440727233887
526,0.00021822929556947201,16.009990692138672,0.0001321423042099923,17.391799926757812
527,0.00022224457643460482,20.81563949584961,0.00018250597349833697,13.531185150146484
528,0.00022866754443384707,16.457080841064453,0.00012226897524669766,16.778722763061523
529,0.00018744886619970202,18.908035278320312,0.00015638096374459565,11.768741607666016
530,0.00019306145259179175,14.966516494750977,0.00011841223749797791,16.512590408325195
531,0.000198461624677293,19.896034240722656,0.00018388299213256687,13.620524406433105
532,0.00022546939726453274,16.42009735107422,0.00012933208199683577,17.221609115600586
533,0.00022097869077697396,21.195444107055664,0.0002019290259340778,14.795961380004883
534,0.00023271332611329854,16.905258178710938,0.0001263096637558192,17.038217544555664
535,0.0001905282842926681,19.131750106811523,0.0001488947164034471,11.302374839782715
536,0.00020191406656522304,15.60984992980957,0.00010783561447169632,15.642727851867676
537,0.00016645780124235898,17.667848587036133,0.00013371183013077825,10.665085792541504
538,0.00017583437147550285,15.184659957885742,0.00010548534919507802,15.404952049255371
539,0.00017841908265836537,18.322250366210938,0.00015182299830485135,11.475139617919922
540,0.000207698525628075,15.828289031982422,0.0001374183048028499,17.724365234375
541,0.00021267689589876682,20.51557731628418,0.00021342889522202313,15.587725639343262
542,0.0002624224580358714,17.876707077026367,0.0001527253771200776,18.72686004638672
543,0.00023066706489771605,21.920433044433594,0.0002179367293138057,15.891050338745117
544,0.00025562511291354895,17.758363723754883,0.00013857298472430557,17.79435157775879
545,0.000219526031287387,21.33931541442871,0.00019851942488458008,14.57197093963623
546,0.00025041252956725657,17.437786102294922,0.00012287443678360432,16.818761825561523
547,0.00018811904010362923,19.093942642211914,0.00014973153884056956,11.350324630737305
548,0.00019818171858787537,15.89517879486084,0.00011022919352399185,15.863816261291504
549,0.0001915697503136471,19.343997955322266,0.00014375134196598083,11.011968612670898
550,0.00019103969680145383,15.132922172546387,0.0001270802749786526,17.085777282714844
551,0.00020512653281912208,20.06114387512207,0.0001878714538179338,13.87548542022705
552,0.00021381430269684643,16.28487205505371,0.00012704814434982836,17.083803176879883
553,0.00019706071179825813,19.78880500793457,0.00016087792755570263,12.07664680480957
554,0.00020980325643904507,15.511475563049316,0.00012705805420409888,17.084409713745117
555,0.00022439935128204525,21.173837661743164,0.0001989053125726059,14.597527503967285
556,0.00023878784850239754,17.385799407958984,0.00013392964319791645,17.506940841674805
557,0.00020492495968937874,20.38241195678711,0.00016887049423530698,12.605676651000977
558,0.00021839894179720432,16.24773406982422,0.00011639162403298542,16.364465713500977
559,0.0001784192572813481,18.292999267578125,0.00013729740749113262,10.744963645935059
560,0.00020472999312914908,15.966636657714844,0.00011113686196040362,15.94313907623291
561,0.00017925123393069953,18.409107208251953,0.0001466387475375086,11.171308517456055
562,0.00020306806254666299,15.68356704711914,0.00013286997273098677,17.439001083374023
563,0.00021702967933379114,20.498098373413086,0.00021078648569528013,15.407262802124023
564,0.0002564052410889417,17.797426223754883,0.00013310843496583402,17.454370498657227
565,0.00021316972561180592,20.590574264526367,0.00018761491810437292,13.859269142150879
566,0.00022714932856615633,16.697731018066406,0.00012051734665874392,16.66032600402832
567,0.00018170163093600422,18.78886604309082,0.00014631434169132262,11.152233123779297
568,0.00019312278891447932,15.488860130310059,0.00010941275104414672,15.790475845336914
569,0.00017917373043019325,18.475858688354492,0.00013618958473671228,10.71440601348877
570,0.00018020831339526922,14.880032539367676,0.00011910787725355476,16.562110900878906
571,0.00020267358922865242,19.7755126953125,0.00018541316967457533,13.71904182434082
572,0.00022165691189002246,16.33403778076172,0.00013873401621822268,17.804033279418945
573,0.00022285932209342718,21.515871047973633,0.00020533478527795523,15.028284072875977
574,0.00024964124895632267,17.426267623901367,0.0001265218888875097,17.051361083984375
575,0.00020813167793676257,20.504562377929688,0.00017732198466546834,13.188482284545898
576,0.000235464220168069,16.52729034423828,0.00011819796782219782,16.4971923828125
577,0.0001842456986196339,18.908658981323242,0.00014062981063034385,10.849250793457031
578,0.00019928264373447746,15.618358612060547,0.00011453979823272675,16.222522735595703
579,0.00018092333630193025,18.715248107910156,0.00014537091192323714,11.096399307250977
580,0.00018783663108479232,15.230950355529785,0.00011089585314039141,15.922310829162598
581,0.00017821977962739766,18.376951217651367,0.0001546984858578071,11.657498359680176
582,0.00019643176347017288,15.410150527954102,0.00012642504589166492,17.045360565185547
583,0.00020518634119071066,20.09644317626953,0.00018357047520112246,13.600375175476074
584,0.00022440278553403914,16.549253463745117,0.00013466394739225507,17.553485870361328
585,0.0002079939586110413,20.431716918945312,0.0002018890081671998,14.793432235717773
586,0.00024364012642763555,17.166738510131836,0.0001361398899462074,17.645753860473633
587,0.00021869545162189752,20.731922149658203,0.00018739233200903982,13.845197677612305
588,0.00022701498528476804,16.743640899658203,0.00012523173063527793,16.970687866210938
589,0.00020386411051731557,19.925376892089844,0.00015595061995554715,11.738786697387695
590,0.00020759431936312467,15.739394187927246,0.00011983144213445485,16.612876892089844
591,0.00017107650637626648,17.90097999572754,0.00012594131112564355,10.603742599487305
592,0.0001906131365103647,15.586969375610352,0.0001073155872290954,15.59213638305664
593,0.00016798589786048979,17.573083877563477,0.00012795865768566728,10.588933944702148
594,0.00018268736312165856,14.836140632629395,0.00012073342077201232,16.675142288208008
595,0.00017727745580486953,18.933732986450195,0.0001729443174554035,12.89057445526123
596,0.00021157060109544545,15.583824157714844,0.0001349880185443908,17.573884963989258
597,0.00021716712217312306,20.759191513061523,0.0002127462503267452,15.541375160217285
598,0.0002629816881380975,18.190000534057617,0.00013886425585951656,17.811851501464844
599,0.000200964292162098,20.412952423095703,0.0001715419493848458,12.793384552001953
600,0.00023160454293247312,16.58706283569336,0.00013024172221776098,17.275190353393555
601,0.00020797077741008252,20.498117446899414,0.0001694503880571574,12.646772384643555
602,0.00020172678341623396,15.433236122131348,0.00011801893560914323,16.484272003173828
603,0.0001736924605211243,18.43202781677246,0.00015299889491871,11.55031967163086
604,0.00019575341138988733,15.493779182434082,0.00011385235120542347,16.16815757751465
605,0.0001871061831479892,19.072006225585938,0.00015128357335925102,11.440523147583008
606,0.0001996871578739956,15.72862720489502,0.00010814587585628033,15.672529220581055
607,0.00018244414241053164,18.190467834472656,0.00013095336908008903,10.613541603088379
608,0.00017590750940144062,14.447219848632812,0.00011108393664471805,15.938606262207031
609,0.00017314567230641842,18.164047241210938,0.0001448411785531789,11.068010330200195
610,0.00019393526599742472,15.441143989562988,0.00012701023661065847,17.08145523071289
611,0.00021564969210885465,20.614212036132812,0.00018776953220367432,13.869121551513672
612,0.00023587970645166934,16.80990982055664,0.00014007868594489992,17.887678146362305
613,0.0002055664372164756,20.504718780517578,0.00019002459885086864,14.010926246643066
614,0.000224373274249956,16.47333526611328,0.00012987428635824472,17.253612518310547
615,0.00019633131159935147,20.08073616027832,0.00018134043784812093,13.455137252807617
616,0.0002133281232090667,16.208600997924805,0.00012511102249845862,16.963045120239258
617,0.00019512999278958887,19.507017135620117,0.00014154230302665383,10.896553039550781
618,0.00019002301269210875,15.389504432678223,0.00011113531945738941,15.94304084777832
619,0.00017768920224625617,18.163894653320312,0.00014041671238373965,10.839790344238281
620,0.00018606109370011836,15.334894180297852,0.00010986046981997788,15.830986976623535
621,0.00017060406389646232,17.923139572143555,0.00013207436131779104,10.633699417114258
622,0.0001732976088533178,14.662742614746094,0.00012784112186636776,17.13215446472168
623,0.00018221401842311025,19.235933303833008,0.00017822613881435245,13.249094009399414
624,0.00020294250862207264,15.714963912963867,0.00012870252248831093,17.184053421020508
625,0.0001914709573611617,19.666284561157227,0.00017380595090799034,12.949913024902344
626,0.00023128969769459218,16.447795867919922,0.000140764910611324,17.93315315246582
627,0.00020943036361131817,20.55695915222168,0.00017746507364790887,13.198152542114258
628,0.0002161574229830876,15.86076545715332,0.0001112014870159328,15.94874095916748
629,0.0001725428010104224,18.30423927307129,0.0001343182666460052,10.676441192626953
630,0.00019127926498185843,15.265523910522461,0.00012257906200829893,16.799266815185547
631,0.0002016854123212397,19.966684341430664,0.00018008053302764893,13.37224292755127
632,0.00021523477334994823,16.147428512573242,0.00012796968803741038,17.13994026184082
633,0.00018955738050863147,19.376605987548828,0.00017449125880375504,12.99683952331543
634,0.00021288330026436597,16.002031326293945,0.00011510238982737064,16.266334533691406
635,0.00017739761096891016,18.631196975708008,0.00015730626182630658,11.833127975463867
636,0.00019654387142509222,15.542913436889648,0.00011942176206503063,16.5842227935791
637,0.00020050078455824405,19.974872589111328,0.00016458536265417933,12.322776794433594
638,0.00020353059517219663,15.855964660644531,0.00012489392247516662,16.94927406311035
639,0.00020500292885117233,19.98963737487793,0.00016527461411897093,12.367786407470703
640,0.00020349245460238308,15.466307640075684,0.00011559743143152446,16.304378509521484
641,0.00017815633327700198,18.766984939575195,0.00014682041364721954,11.182040214538574
642,0.00018780252139549702,15.218490600585938,0.00010843522613868117,15.699970245361328
643,0.00017283164197579026,17.84532356262207,0.00013179791858419776,10.62833023071289
644,0.00018604581418912858,15.266364097595215,0.00010973429743899032,15.819652557373047
645,0.00016487382526975125,17.621488571166992,0.00014020243543200195,10.830820083618164
646,0.00018989834643434733,15.150652885437012,0.00012525642523542047,16.972230911254883
647,0.00019115400209557265,19.759057998657227,0.000192114501260221,14.141164779663086
648,0.00024206387752201408,17.356033325195312,0.00014401055523194373,18.1437931060791
649,0.00021448329789564013,21.2149600982666,0.00019760557916015387,14.511460304260254
650,0.00022877936135046184,16.161529541015625,0.00011797067418228835,16.48078155517578
651,0.0001751825911924243,18.623046875,0.00013390326057560742,10.668622970581055
652,0.0001873306027846411,15.066208839416504,0.00010765049228211865,15.62491226196289
653,0.00016932247672230005,18.104602813720703,0.000140324147650972,10.835677146911621
654,0.00018264276150148362,14.658979415893555,0.00011651110980892554,16.37342643737793
655,0.00017905168351717293,18.658775329589844,0.0001529441651655361,11.546895980834961
656,0.00018597586313262582,14.948602676391602,0.00012573007552418858,17.002031326293945
657,0.0002066861343337223,20.361068725585938,0.0001820765610318631,13.503340721130371
658,0.0002274894795846194,16.645954132080078,0.00012576629524119198,17.00429916381836
659,0.0001961793750524521,19.948970794677734,0.0001649960904615,12.349640846252441
660,0.00021096835553180426,15.906156539916992,0.00012096229329472408,16.690767288208008
661,0.00019594855257309973,19.788785934448242,0.00017681237659417093,13.154315948486328
662,0.00022003648336976767,15.608355522155762,0.00012139263708377257,16.7199649810791
663,0.00019318154954817146,19.265058517456055,0.00014765562082175165,11.230829238891602
664,0.00019688215979840606,14.995786666870117,0.0001231316855410114,16.83562660217285
665,0.0001925102696986869,19.476726531982422,0.0001493162417318672,11.326677322387695
666,0.00020013382891193032,15.177096366882324,0.00011474444909254089,16.23854637145996
667,0.00018242897931486368,18.751073837280273,0.00015295055345632136,11.547309875488281
668,0.00019296597747597843,15.519275665283203,0.00011603843449847773,16.337888717651367
669,0.00017603214655537158,18.464401245117188,0.00015276182966772467,11.53530502319336
670,0.00020052642503287643,15.352815628051758,0.00012083836190868169,16.682310104370117
671,0.00017787843535188586,18.515710830688477,0.00014423068205360323,11.036748886108398
672,0.0001902264339150861,15.308365821838379,0.0001221178681589663,16.76864242553711
673,0.00017527383170090616,18.540225982666016,0.00015552010154351592,11.708866119384766
674,0.00019298080587759614,15.038153648376465,0.00011477919179014862,16.241252899169922
675,0.00016209579189307988,17.732847213745117,0.00013558661157730967,10.700052261352539
676,0.00017896576900966465,14.930947303771973,0.00011212847311981022,16.027362823486328
677,0.0001770923990989104,18.37296485900879,0.00015494466060772538,11.672995567321777
678,0.0002012970217037946,15.464695930480957,0.00012926854833494872,17.217790603637695
679,0.00019766404875554144,20.209444046020508,0.00019078970944974571,14.058703422546387
680,0.000215226347791031,16.03424644470215,0.00012444329331628978,16.920528411865234
681,0.0001966159325093031,19.694068908691406,0.00016257897368632257,12.190496444702148
682,0.0001970975281437859,15.258770942687988,0.0001224568986799568,16.791175842285156
683,0.0001793417613953352,18.677032470703125,0.00015561968029942364,11.71571159362793
684,0.00019658467499539256,15.23864459991455,0.0001205185690196231,16.6604061126709
685,0.0001816820731619373,19.045515060424805,0.00015277499915100634,11.536145210266113
686,0.00019466248340904713,15.105141639709473,0.00011600556899793446,16.33540916442871
687,0.0001743490865919739,18.600248336791992,0.00016527145635336637,12.3676118850708
688,0.00020663058967329562,15.577313423156738,0.0001273881207453087,17.104581832885742
689,0.00017916718206834048,19.06423568725586,0.00015728894504718482,11.831966400146484
690,0.00020512394257821143,15.738597869873047,0.00011897388321813196,16.552629470825195
691,0.00018881198775488883,19.496173858642578,0.000149793122545816,11.353940963745117
692,0.000196248889551498,15.1306791305542,0.00011409958096919581,16.187837600708008
693,0.00016848677478265017,17.95622444152832,0.00014899692905601114,11.308371543884277
694,0.0001876526075648144,14.808649063110352,0.00011934137728530914,16.578577041625977
695,0.00017765282245818526,18.987382888793945,0.00015345697465818375,11.579434394836426
696,0.00019919898477382958,15.473819732666016,0.00012532864639069885,16.976781845092773
697,0.0001766557397786528,18.867624282836914,0.00017049537564162165,12.720365524291992
698,0.00021724068210460246,16.074750900268555,0.00012238063209224492,16.786117553710938
699,0.00019857498409692198,19.683223724365234,0.00015769555466249585,11.860055923461914
700,0.00020135297381784767,15.60538387298584,0.00011945014557568356,16.58621597290039
701,0.00019215424254070967,19.361207962036133,0.0001511725567979738,11.433432579040527
702,0.00019432298722676933,15.099489212036133,0.00011220212036278099,16.033519744873047
703,0.00017401833611074835,18.353878021240234,0.0001493857998866588,11.330672264099121
704,0.00018691639706958085,15.062931060791016,0.0001166840665973723,16.386335372924805
705,0.0001864383084466681,19.04494285583496,0.00015069061191752553,11.404921531677246
706,0.00019444833742454648,15.316603660583496,0.00012288523430470377,16.8194522857666
707,0.00019461300689727068,19.73272132873535,0.00017092704365495592,12.750591278076172
708,0.00021106901112943888,16.01472282409668,0.0001251337816938758,16.964473724365234
709,0.00017665729683358222,18.99048614501953,0.00015641568461433053,11.771356582641602
710,0.00019261283159721643,14.952033996582031,0.00011216194252483547,16.030166625976562
711,0.0001720707950880751,18.284770965576172,0.00013249018229544163,10.641682624816895
712,0.00017689971718937159,15.036662101745605,0.00010545181430643424,15.401538848876953
713,0.00018015119712799788,18.137033462524414,0.00013006468361709267,10.604867935180664
714,0.0001764356711646542,14.970697402954102,0.0001045486205839552,15.3031644821167
715,0.00017309558461420238,17.937795639038086,0.0001395077706547454,10.80603313446045
716,0.00018882144649978727,15.123613357543945,0.00012779935786966234,17.129610061645508
717,0.0001997917570406571,19.875444412231445,0.00020387953554745764,14.925739288330078
718,0.00024291692534461617,17.349872589111328,0.0001480237697251141,18.411256790161133
719,0.00020701310131698847,20.670408248901367,0.00017767594545148313,13.212350845336914
720,0.00020362685609143227,15.714818954467773,0.00011734128202078864,16.43491554260254
721,0.0001794293348211795,18.77186393737793,0.0001404010981786996,10.839112281799316
722,0.00018189454567618668,14.522814750671387,0.00011074291251134127,15.909053802490234
723,0.00018987640214618295,19.246252059936523,0.00015354245260823518,11.584861755371094
724,0.0001990842865779996,15.497953414916992,0.00011948947940254584,16.588973999023438
725,0.00018288670980837196,18.999797821044922,0.0001484344684286043,11.275991439819336
726,0.00019804277690127492,15.362956047058105,0.00012979790335521102,17.24909210205078
727,0.00020024643163196743,20.359804153442383,0.00017432526510674506,12.985568046569824
728,0.00021768831356894225,15.897525787353516,0.00012702340609394014,17.082244873046875
729,0.00020249400404281914,20.19730567932129,0.0001635746011743322,12.256430625915527
730,0.0002092061477014795,15.596247673034668,0.00011797621846199036,16.481189727783203
731,0.00017043703701347113,18.0463809967041,0.000134353555040434,10.67706298828125
732,0.000171906896866858,14.570627212524414,0.00011221763998037204,16.03482437133789
733,0.0001797928416635841,18.60431480407715,0.00014059242676012218,10.847618103027344
734,0.00017945673607755452,15.0575590133667,0.00010809639206854627,15.667866706848145
735,0.00016554913599975407,17.66941261291504,0.00013733208470512182,10.74586296081543
736,0.00017877800564747304,14.639742851257324,0.00010935147292912006,15.784971237182617
737,0.00017954094801098108,18.227365493774414,0.00014060424291528761,10.848143577575684
738,0.0001927202829392627,15.289105415344238,0.00012322426482569426,16.841676712036133
739,0.0001940763759193942,19.790023803710938,0.00017127415048889816,12.77486515045166
740,0.00021904466848354787,16.221126556396484,0.00013385567581281066,17.50222396850586
741,0.00019617221551015973,20.029603958129883,0.00017010487499646842,12.693005561828613
742,0.00020366889657452703,15.736001014709473,0.00011577379336813465,16.317834854125977
743,0.00017469532031100243,18.469173431396484,0.00014720309991389513,11.204496383666992
744,0.0001850840199040249,14.555788040161133,0.00011100037227151915,15.931424140930176
745,0.00018282030941918492,18.810726165771484,0.00014023833500687033,10.83209228515625
746,0.00018014866509474814,14.448287963867188,0.00012064389738952741,16.669004440307617
747,0.0001743989996612072,18.47588539123535,0.00014885295240674168,11.300129890441895
748,0.00019701886049006134,15.574623107910156,0.00011540583363967016,16.289722442626953
749,0.00017705139180179685,18.53003692626953,0.00014241696044337004,10.942645072937012
750,0.0001810739777283743,14.766923904418945,0.00011326350795570761,16.120832443237305
751,0.00017545903392601758,18.4321346282959,0.00015410158084705472,11.6201810836792
752,0.00018214805459138006,14.396278381347656,0.0001199443286168389,16.620725631713867
753,0.0001836131705204025,19.209367752075195,0.00016709226474631578,12.4855375289917
754,0.00020914245396852493,15.752909660339355,0.00013196509098634124,17.380237579345703
755,0.00019644176063593477,19.96160125732422,0.00017013285832945257,12.694986343383789
756,0.00019480085757095367,15.169107437133789,0.00011749941040761769,16.446504592895508
757,0.0001907560508698225,19.287460327148438,0.00014560236013494432,11.110271453857422
758,0.0001769621012499556,14.628461837768555,0.0001101872549043037,15.860189437866211
759,0.00017465489509049803,18.08187484741211,0.00013432391278911382,10.676486015319824
760,0.00017308459791820496,14.81491470336914,0.00011194775288458914,16.01222801208496
761,0.0001735265541356057,18.54471778869629,0.00013637967640534043,10.719616889953613
762,0.00018406375602353364,14.72008991241455,0.00011645779886748642,16.369447708129883
763,0.0001879469200503081,19.04245948791504,0.00017019271035678685,12.69920825958252
764,0.00020460564701352268,15.54692554473877,0.0001335882261628285,17.485151290893555
765,0.00019844764028675854,19.88273811340332,0.0001792848779587075,13.319695472717285
766,0.00021615652076434344,16.281822204589844,0.00012188836990389973,16.75330352783203
767,0.00018868934421334416,19.520618438720703,0.0001428741670679301,10.966544151306152
768,0.00018243912199977785,14.91940975189209,0.00011720122711267322,16.424631118774414
769,0.00017659216246102005,18.533531188964844,0.0001500469952588901,11.368453025817871
770,0.00020082472474314272,15.655298233032227,0.00012047300697304308,16.65727424621582
771,0.00018351290782447904,18.95668601989746,0.0001381394686177373,10.767862319946289
772,0.00018743575492408127,15.168713569641113,0.00012222611985635012,16.775846481323242
773,0.00019466619414743036,19.7277889251709,0.00016828763182274997,12.564544677734375
774,0.00021446640312206,15.699310302734375,0.00012061243614880368,16.666847229003906
775,0.0001823398779379204,19.17174530029297,0.000159013201482594,11.95052433013916
776,0.0002001605462282896,15.286348342895508,0.0001114292535930872,15.96829605102539
777,0.00018254505994264036,18.931076049804688,0.0001539178629172966,11.608633041381836
778,0.00019379440345801413,15.317435264587402,0.00011301908671157435,16.100961685180664
779,0.00017908289737533778,18.79357147216797,0.0001372928381897509,10.744771957397461
780,0.00017748332174960524,14.837833404541016,0.00011094036744907498,15.92624282836914
781,0.00018161660409532487,18.65699005126953,0.0001374263665638864,10.748431205749512
782,0.00019119151693303138,15.373050689697266,0.00011388574785087258,16.170854568481445
783,0.00017700479656923562,18.519515991210938,0.00014599639689549804,11.133628845214844
784,0.00019399949815124273,15.528913497924805,0.00012566748773679137,16.998090744018555
785,0.00018318337970413268,19.257518768310547,0.00016825667989905924,12.562360763549805
786,0.00020874541951343417,15.745172500610352,0.00012200409400975332,16.76104164123535
787,0.00017445215780753642,18.7108154296875,0.00014293707499746233,10.96983814239502
788,0.0001854394213296473,15.097672462463379,0.00011742932838387787,16.441377639770508
789,0.00017647088679950684,18.68126106262207,0.00014045776333659887,10.841650009155273
790,0.00017737637972459197,14.417922973632812,0.00012176009477116168,16.744709014892578
791,0.00017377533367834985,18.45132064819336,0.0001439671905245632,11.023231506347656
792,0.0001896855974337086,14.934064865112305,0.00011824651301139966,16.50069808959961
793,0.00018068004283122718,18.791515350341797,0.00015221023932099342,11.500213623046875
794,0.00018967552750837058,14.770071029663086,0.00011842768435599282,16.513704299926758
795,0.0001926437544170767,19.574586868286133,0.00015037688717711717,11.387223243713379
796,0.0001831438858062029,14.9723539352417,0.00012223325029481202,16.776321411132812
797,0.00018575442663859576,19.393592834472656,0.00016156790661625564,12.12319278717041
798,0.0001911920408019796,14.96262264251709,0.00011958827235503122,16.595897674560547
799,0.0001724154280964285,18.3203182220459,0.0001454736338928342,11.10266399383545
800,0.00018304573313798755,14.994750022888184,0.00010755313269328326,15.615516662597656
801,0.00017021680832840502,18.09333610534668,0.00013040058547630906,10.608059883117676
802,0.00017657507851254195,14.823643684387207,0.00011154521780554205,15.978188514709473
803,0.0001794991549104452,18.487930297851562,0.00015492181410081685,11.671677589416504
804,0.00019616085046436638,15.039054870605469,0.00012562875053845346,16.995655059814453
805,0.00018986566283274442,19.56220817565918,0.00018254126189276576,13.53378677368164
806,0.00023037681239657104,16.723148345947266,0.00013451896666083485,17.544322967529297
807,0.0002015036006923765,20.43209457397461,0.00016797018179204315,12.541975021362305
808,0.0002051574265351519,15.84827709197998,0.00011279118189122528,16.082313537597656
809,0.0001848085958044976,19.026636123657227,0.00013312610099092126,10.653800010681152
810,0.0001750563969835639,14.540667533874512,0.00010700603161239997,15.561635971069336
811,0.00016504994709976017,17.368480682373047,0.00012043000606354326,10.766284942626953
812,0.00017200180445797741,15.220837593078613,0.0001012302454910241,14.895760536193848
813,0.00016097888874355704,17.31237030029297,0.00012558247544802725,10.607460021972656
814,0.00016954969032667577,14.772212028503418,0.00010666610614862293,15.527545928955078
815,0.0001616914087207988,17.544780731201172,0.00014094708603806794,10.86507797241211
816,0.00018615761655382812,14.77302360534668,0.0001269825588678941,17.079723358154297
817,0.00018283427925780416,19.124385833740234,0.0001832343259593472,13.57883358001709
818,0.0002213186671724543,15.904106140136719,0.0001309574581682682,17.316835403442383
819,0.00019629840971902013,19.871999740600586,0.0001808830420486629,13.425299644470215
820,0.00022835431445855647,16.248903274536133,0.00013399649469647557,17.51119041442871
821,0.00021618438768200576,21.147981643676758,0.00018715832266025245,13.830584526062012
822,0.00022105872631072998,16.255023956298828,0.00011238107981625944,16.0484561920166
823,0.00017467272118665278,18.130718231201172,0.00012729350419249386,10.588958740234375
824,0.00017435602785553783,14.76622200012207,0.000104723651020322,15.322669982910156
825,0.0001674839440966025,17.92483901977539,0.00011683695629471913,10.899648666381836
826,0.00016052796854637563,14.198551177978516,0.00010132897295989096,14.909233093261719
827,0.00015905799227766693,17.136823654174805,0.00012317360960878432,10.670576095581055
828,0.00017735989240463823,15.074882507324219,0.00010872078564716503,15.72683048248291
829,0.00017237856809515506,18.242095947265625,0.0001464143133489415,11.158319473266602
830,0.00018983849440701306,15.093093872070312,0.00013068827684037387,17.301197052001953
831,0.00020041833340656012,20.308591842651367,0.0001953832688741386,14.363018989562988
832,0.00023622956359758973,16.425188064575195,0.00013171603495720774,17.363941192626953
833,0.00018649245612323284,19.50857925415039,0.00016468203102704138,12.329277038574219
834,0.0001912879233714193,14.996993064880371,0.00011056295625166968,15.893362045288086
835,0.00017577226390130818,18.398916244506836,0.00013224389113020152,10.63686466217041
836,0.00016997664351947606,14.437981605529785,0.00010792454850161448,15.651473045349121
837,0.00017025774286594242,17.91991424560547,0.0001278009731322527,10.588735580444336
838,0.00017361452046316117,14.676627159118652,0.00010374653356848285,15.212069511413574
839,0.0001705305912764743,17.984657287597656,0.00013108726125210524,10.614635467529297
840,0.0001834026479627937,15.063735008239746,0.00010988707072101533,15.833456993103027
841,0.00017558936087880284,18.641414642333984,0.0001631074264878407,12.225698471069336
842,0.00019268652249593288,15.175332069396973,0.0001350314123556018,17.57660484313965
843,0.00019485290977172554,19.922760009765625,0.00017045473214238882,12.717702865600586
844,0.00020884390687569976,15.6148099899292,0.0001219840269186534,16.759700775146484
845,0.00019621611863840371,20.069725036621094,0.0001621929695829749,12.164995193481445
846,0.00020328951359260827,15.585227012634277,0.0001208536050398834,16.683347702026367
847,0.0001825907820602879,19.143232345581055,0.0001520699734101072,11.491292953491211
848,0.00019585894187912345,15.512770652770996,0.00011504282883834094,16.261762619018555
849,0.00017907666915562004,18.797061920166016,0.00014910298341419548,11.314589500427246
850,0.00019193775369785726,14.828298568725586,0.0001124515401897952,16.05431365966797
851,0.00017847615526989102,18.78006362915039,0.00014460604870691895,11.056097984313965
852,0.00019155070185661316,15.336191177368164,0.0001221013517351821,16.76753044128418
853,0.0001880822965176776,19.082324981689453,0.00014929991448298097,11.325886726379395
854,0.00019101944053545594,14.975812911987305,0.00011562719009816647,16.306678771972656
855,0.00018543016631156206,18.770832061767578,0.00014114700024947524,10.875733375549316
856,0.0001787560759112239,14.089309692382812,0.00011223331239307299,16.036174774169922
857,0.00015465475735254586,17.32832908630371,0.00012769857130479068,10.588744163513184
858,0.0001733393146423623,14.426155090332031,0.00011148089106427506,15.972733497619629
859,0.0001703447342151776,18.318273544311523,0.00013722674339078367,10.742928504943848
860,0.0001803731283871457,15.182086944580078,0.00011734126746887341,16.43492889404297
861,0.00017665838822722435,18.57833480834961,0.00014809539425186813,11.25650691986084
862,0.00017573466175235808,14.488935470581055,0.00011828001879621297,16.503108978271484
863,0.00017541125998832285,18.850069046020508,0.0001558261428726837,11.730379104614258
864,0.00019425801292527467,15.473183631896973,0.0001229763583978638,16.825422286987305
865,0.00019108998822048306,19.761035919189453,0.00016000415780581534,12.0180082321167
866,0.00019705231534317136,15.61274528503418,0.00011492223711684346,16.25241470336914
867,0.00017774428124539554,18.234012603759766,0.00013393988774623722,10.669181823730469
868,0.00016643854905851185,14.268853187561035,0.00011574189556995407,16.315425872802734
869,0.0001727529161144048,18.5886173248291,0.00015146243094932288,11.452312469482422
870,0.00019554502796381712,15.487810134887695,0.00012084731861250475,16.68291664123535
871,0.0001700866996543482,18.490833282470703,0.00014281852054409683,10.96370792388916
872,0.0001785527856554836,14.67041301727295,0.00011954754882026464,16.59304428100586
873,0.0001701950968708843,18.569902420043945,0.00014557848044205457,11.10896110534668
874,0.00019544566748663783,15.097195625305176,0.00011655892012640834,16.37701988220215
875,0.0001744641485856846,18.497739791870117,0.0001519897923571989,11.48619556427002
876,0.00019276827515568584,15.202692985534668,0.00011506421287776902,16.26342010498047
877,0.00018957180145662278,19.5506649017334,0.0001606057776371017,12.058677673339844
878,0.0002113937953254208,15.718284606933594,0.00012400778359733522,16.89252471923828
879,0.00019133415480609983,19.648881912231445,0.00016668705211486667,12.459586143493652
880,0.00021392152120824903,16.069318771362305,0.00011541146523086354,16.290176391601562
881,0.00018674350576475263,19.071317672729492,0.00014264887431636453,10.954855918884277
882,0.00019294017693027854,15.33631706237793,0.00012008870544377714,16.6307430267334
883,0.00019166206766385585,19.471012115478516,0.00015085433551575989,11.414329528808594
884,0.00019152092863805592,15.167325019836426,0.00010998640937032178,15.842370986938477
885,0.00016640285321045667,18.2122802734375,0.00012527422222774476,10.611507415771484
886,0.00017069734167307615,14.381148338317871,0.0001093679602490738,15.786552429199219
887,0.00017795481835491955,18.610477447509766,0.00013748503988608718,10.749991416931152
888,0.00018365321739111096,14.750096321105957,0.00011513045319588855,16.26854705810547
889,0.00017128091712947935,18.407773971557617,0.00014435987395700067,11.04349422454834
890,0.00018015195382758975,14.77184009552002,0.00012036501721013337,16.649837493896484
891,0.00018005972378887236,18.982866287231445,0.00015838356921449304,11.907613754272461
892,0.00019212171901017427,15.111966133117676,0.00012352471821941435,16.861248016357422
893,0.00018156740406993777,19.047382354736328,0.00014186494809109718,10.91373062133789
894,0.00017880705127026886,14.917867660522461,0.00011865789565490559,16.530170440673828
895,0.00018725500558502972,19.372535705566406,0.00015641532081644982,11.771578788757324
896,0.00019005195645149797,14.681706428527832,0.00011653046385617927,16.374897003173828
897,0.00016406607755925506,17.83707046508789,0.0001292304223170504,10.59650993347168
898,0.00017242699686903507,14.7682466506958,0.00010504265810595825,15.357686996459961
899,0.00015190611884463578,17.138566970825195,0.00012721752864308655,10.589264869689941
900,0.00016105188115034252,14.035511016845703,0.00010863052011700347,15.7184476852417
901,0.00017109455075114965,18.21471405029297,0.0001410560798831284,10.870929718017578
902,0.00017299799947068095,14.464945793151855,0.00012380241241771728,16.879253387451172
903,0.0001707109622657299,18.355670928955078,0.00014454581832978874,11.053041458129883
904,0.0001807129301596433,14.601105690002441,0.00012099996820325032,16.693321228027344
905,0.000177628273377195,18.874826431274414,0.00015454989625141025,11.64852523803711
906,0.000182214193046093,14.869126319885254,0.00012882555893156677,17.191347122192383
907,0.00020372332073748112,20.332958221435547,0.0001840952900238335,13.634674072265625
908,0.00022032215201761574,15.71619987487793,0.0001260282879229635,17.020627975463867
909,0.00018784921849146485,19.396934509277344,0.00014877408102620393,11.295738220214844
910,0.0001872618158813566,14.621670722961426,0.00011405883560655639,16.184656143188477
911,0.00018296019698027521,18.91252899169922,0.00015065657498780638,11.40317153930664
912,0.00018260350043419749,15.03134536743164,0.00010715290409279987,15.576299667358398
913,0.00016315701941493899,17.125219345092773,0.00012748668086715043,10.58874225616455
914,0.00017922477854881436,14.869077682495117,0.00010493903391761705,15.346415519714355
915,0.00015604721556883305,17.100872039794922,0.00012937039718963206,10.597870826721191
916,0.0001726262125885114,14.451336860656738,0.00011705161887221038,16.413610458374023
917,0.00018204633670393378,19.020097732543945,0.00015429581981152296,11.632584571838379
918,0.0001927704142872244,15.190267562866211,0.0001255581300938502,16.991195678710938
919,0.00020141858840361238,20.1176700592041,0.00016631012840662152,12.435295104980469
920,0.00020604301244020462,15.412513732910156,0.000128726358525455,17.185413360595703
921,0.0001959179644472897,19.96454429626465,0.00017255281272809952,12.863929748535156
922,0.0002011261385632679,15.485546112060547,0.00011467986041679978,16.23354721069336
923,0.00017878068319987506,18.93198585510254,0.00013139646034687757,10.620359420776367
924,0.00016295089153572917,14.13050651550293,9.9747339845635e-05,14.679930686950684
925,0.00014963914873078465,16.59262466430664,0.0001147887742263265,10.980271339416504
926,0.00015266200352925807,13.773311614990234,0.00010177119838772342,14.968506813049316
927,0.00015147231169976294,16.49296760559082,0.00012261491792742163,10.689408302307129
928,0.0001643673749640584,14.218729019165039,0.00012350420001894236,16.859905242919922
929,0.0001913426531245932,19.776058197021484,0.00017176599067170173,12.809383392333984
930,0.00020990036136936396,15.600058555603027,0.00013498644693754613,17.573774337768555
931,0.00020394776947796345,20.490352630615234,0.00018198633915744722,13.497766494750977
932,0.00022223577252589166,15.984054565429688,0.0001218262332258746,16.749126434326172
933,0.00018748253933154047,19.248214721679688,0.00015278460341505706,11.537027359008789
934,0.00019017999875359237,15.135993957519531,0.00011366762919351459,16.153453826904297
935,0.00017223959730472416,18.47121238708496,0.00014053858467377722,10.845282554626465
936,0.00018446010653860867,14.67103385925293,0.00010941232176264748,15.790620803833008
937,0.00015715253539383411,17.564008712768555,0.0001243032020283863,10.632974624633789
938,0.00017864826077129692,15.244946479797363,0.00010417991143185645,15.261948585510254
939,0.00015895611431915313,17.524127960205078,0.00012748772860504687,10.588723182678223
940,0.00016039553156588227,14.028410911560059,0.00011431451275711879,16.204879760742188
941,0.00017229293007403612,18.37216567993164,0.00013417152513284236,10.67349910736084
942,0.0001710559445200488,14.67518424987793,0.0001108421929529868,15.917792320251465
943,0.00017310935072600842,18.30838966369629,0.00014343863585963845,10.996002197265625
944,0.00019542264635674655,15.119982719421387,0.00012865682947449386,17.18124771118164
945,0.00019115096074528992,19.94291114807129,0.00017532893980387598,13.054291725158691
946,0.00022233718482311815,16.050777435302734,0.0001342240284429863,17.5256404876709
947,0.00018671428551897407,19.663728713989258,0.00016270707419607788,12.199294090270996
948,0.00020355485321488231,15.506880760192871,0.00011624045146163553,16.3531551361084
949,0.00017157277034129947,18.370962142944336,0.00013466567907016724,10.682758331298828
950,0.00017933522758539766,14.971151351928711,0.0001118726358981803,16.005966186523438
951,0.00016146581037901342,17.665395736694336,0.0001296884729526937,10.600957870483398
952,0.0001726563205011189,14.520617485046387,0.000112860398076009,16.08803367614746
953,0.00017652435053605586,18.590499877929688,0.0001475420140195638,11.22445011138916
954,0.00019027100643143058,14.746366500854492,0.00011959658877458423,16.596477508544922
955,0.00017759694310370833,18.85913848876953,0.0001532090245746076,11.564018249511719
956,0.00018846199964173138,14.789563179016113,0.00011830715811811388,16.505062103271484
957,0.00016169431910384446,17.743703842163086,0.00013471489364746958,10.683670997619629
958,0.00017139586270786822,14.290127754211426,0.00011131833889521658,15.958880424499512
959,0.00017004569235723466,17.882369995117188,0.00013828996452502906,10.771866798400879
960,0.0001706068724161014,14.459561347961426,0.00011027200525859371,15.86779499053955
961,0.00017517148808110505,18.454931259155273,0.0001425630325684324,10.950418472290039
962,0.0001934271422214806,15.02632999420166,0.00011735440784832463,16.43589973449707
963,0.00019222892296966165,19.53154754638672,0.00015235236787702888,11.509503364562988
964,0.0001822910999180749,14.750510215759277,0.00012338580563664436,16.85219383239746
965,0.00018520676530897617,19.326845169067383,0.00015400491247419268,11.614335060119629
966,0.00018980777531396598,15.097976684570312,0.00011869557056343183,16.532854080200195
967,0.00016189547022804618,18.298057556152344,0.00014005428238306195,10.825539588928223
968,0.0001921644579852,14.687106132507324,0.00012504923506639898,16.959077835083008
969,0.00018128546071238816,19.10675048828125,0.00015111641550902277,11.430115699768066
970,0.00020440961816348135,15.79348087310791,0.0001133685655076988,16.129390716552734
971,0.0001709119969746098,18.212087631225586,0.00014418011414818466,11.034302711486816
972,0.00017808332631830126,14.672595977783203,0.00011631828238023445,16.3590087890625
973,0.0001753880496835336,18.825334548950195,0.00015488438657484949,11.66954517364502
974,0.00019938437617383897,15.263400077819824,0.00012028413766529411,16.64425277709961
975,0.00017519180255476385,18.739290237426758,0.00013943252270109951,10.803326606750488
976,0.00016692469944246113,14.265250205993652,0.0001111450619646348,15.944005966186523
977,0.00017349873087368906,18.32570457458496,0.00013459644105751067,10.681441307067871
978,0.00018391493358649313,15.117903709411621,0.00010918499174294993,15.769866943359375
979,0.00015778851229697466,17.90145492553711,0.00015541900938842446,11.702902793884277
980,0.00019888606038875878,15.373964309692383,0.0001213911164086312,16.7198429107666
981,0.00018805908621288836,19.512819290161133,0.00016839128511492163,12.572237014770508
982,0.0002125515602529049,15.848467826843262,0.0001251572248293087,16.965909957885742
983,0.00019039581820834428,19.450197219848633,0.0001445603120373562,11.0538330078125
984,0.00017534963262733072,14.305146217346191,0.0001046452161972411,15.314164161682129
985,0.0001755267003318295,18.541507720947266,0.00012917167623527348,10.595837593078613
986,0.00017156644025817513,14.343750953674316,0.0001094396211556159,15.793134689331055
987,0.000162917873240076,17.64632797241211,0.00012225449609104544,10.701663970947266
988,0.00016340045840479434,14.414468765258789,0.00010716496035456657,15.577545166015625
989,0.00016367605712730438,17.714624404907227,0.00013699517876375467,10.7365140914917
990,0.00018713086319621652,14.896747589111328,0.00012084254558430985,16.682580947875977
991,0.0001716649130685255,18.427066802978516,0.00014989062037784606,11.359761238098145
992,0.00018345210992265493,14.832305908203125,0.0001189590766443871,16.551584243774414
993,0.00018222593644168228,18.965660095214844,0.0001459798659197986,11.132854461669922
994,0.00018974553677253425,15.288408279418945,0.00011838476348202676,16.510637283325195
995,0.00018779780657496303,19.23305320739746,0.00015880059800110757,11.936312675476074
996,0.00019974570022895932,15.235162734985352,0.00012726537534035742,17.097009658813477
997,0.00018669734708964825,19.303468704223633,0.00015313965559471399,11.559686660766602
998,0.00018086540512740612,14.818924903869629,0.00011996897228527814,16.622432708740234
999,0.0001812750124372542,18.680803298950195,0.00014566360914614052,11.114145278930664
